{"eval/loss": 0.2485770583152771, "eval/accuracy": 0.9090774059295654, "eval/runtime": 145.6145, "eval/samples_per_second": 277.651, "eval/steps_per_second": 34.708, "train/global_step": 0, "_timestamp": 1695374115.0879707, "_runtime": 17.022766828536987, "_step": 0, "_wandb": {"runtime": 15}}